place,0,1,2,3,4,5,6,7,8,9
THE한강,커피인더스터디,GOODDAY COFFEE,빅토리아가든,셀렉토커피 상도두산점,st.535로스터리카페,스타벅스 중앙대점,하드앤빈스,카페모찌 중앙대점,카페 빈,이디야커피 중앙대점
잔디속에있다고상상을해,할리스 중앙대점,토크넌센스,오카페 흑석점,그루비,이디야 중앙대후문점,위드커피,델리앤젤라또 중앙대병원점,스타벅스 숭실대점,오후홍콩,페이브베이커리 흑석점
뚜스뚜스 흑석역점,"카페,로뎀",그랩커피&브런치,매머드커피 상도역점,컵오브커브,배스킨라빈스 흑석DT,앳더블랑,바로요거,커피콩클럽,던킨 흑석DT점,커피더캠프 흑석역점
브레드숨,브레드덕,가춘,참베이커리,우리동네 식빵해적단,오롯이 굽다,언니의식빵가게,파리바게뜨 중앙대점,우리동네식빵,리치몽브레 흑석점,엘리스파이
모녀당 상도점,베이커즈원,카페미뇽 중앙대점,드웨이,던킨 중앙대병원점,베러댄와플 중앙대점,던킨 흑석DT점,커피나무 중앙대정문점,요세프,브릿지엣지,카페 러브구스토
프랑세즈,블랑제리꾸끄,참베이커리,오롯이 굽다,뚜레쥬르 상도래미안점,브레드숨,가춘,파리바게뜨 노들역점,파리바게뜨 중앙대점,브레드덕,엘리스파이
터방내,액션커피,카페 루반,빅토리아가든,라임플레쉬카페,커피브라운,카페숨,st.535로스터리카페,바리스타조앤,커피집,커피인더스터디
컵오브커브,잔디속에있다고상상을해,커피더캠프 흑석역점,토크넌센스,그루비,커피콩클럽,블루버블 버블티,카페찌미스,배스킨라빈스 흑석DT,st.535로스터리카페,바로요거
페이브베이커리 흑석점,카페잇 중앙대병원점,델리앤젤라또 중앙대병원점,스타벅스 중앙대점,스타벅스 숭실대입구역점,던킨 중앙대병원점,카페디차,스노우플라워,커피나무 중앙대정문점,카페노들수,카페비온후
토크넌센스,탐앤탐스 중앙대점,빅토리아가든,할리스 중앙대점,잔디속에있다고상상을해,하드앤빈스,델리앤젤라또 중앙대병원점,그루비,바리스타조앤,오카페 흑석점,오후홍콩
오후홍콩,펠어커피 상도점,요거프레소 중앙대점,카페노들수,델리앤젤라또 중앙대병원점,카페잇 중앙대병원점,"카페, 순",커피나무 상도점,페이브베이커리 흑석점,스노우플라워,커피나무 중앙대정문점
베브릿지 중앙대점,유프카페 중앙대후문점,아마스빈 중앙대점,"카페, 순",요거프레소 중앙대점,비틀쥬스 중앙대학교병원점,오후홍콩,펠어커피 상도점,카페 더테이블,이디야커피 숭실대역점,카페비온후
액션커피,카페비온후,커피집,카페 더테이블,스노우플라워,터방내,요세프,"카페, 순",갓프레소 본점,커피향기,커피나무 상도점
브라운필 빵공장,63베이커리,프랑세즈,뚜레쥬르 중앙대100주년관점,파리바게트 상도역점,뚜레쥬르 상도래미안점,블랑제리꾸끄,엘리스파이,언니의식빵가게,BGT호두단팥빵 숭실대역점,우리동네식빵
커스텀요거트,브릿지엣지,배스킨라빈스 중앙대,배스킨라빈스 숭실대점,이레호두,요세프,크로플덕 오리아가씨 서울대입구점,러윗츠,카페 러브구스토,배스킨라빈스 흑석DT,바로요거
아츠베이커리,블랑제리꾸끄,프랑세즈,파리바게뜨 상도건영점,참베이커리,오롯이 굽다,브레드숨,파리바게뜨 중앙대점,파리바게뜨 노들역점,엘리스파이,가춘
펠어커피 상도점,오후홍콩,커피나무 상도점,카페노들수,카페디차,카페숨,카페린91,셀렉토커피 상도두산점,위드커피,카페힐우드,요거프레소 중앙대점
히뽀1997,파리바게뜨 노들역점,뚜레쥬르 상도래미안점,리치몽브레 흑석점,프랑세즈,63베이커리,언니의식빵가게,오롯이 굽다,파리바게뜨 중앙대점,블랑제리꾸끄,가춘
베러댄와플 중앙대점,멜로드,커피나무 중앙대정문점,카페미뇽 중앙대점,이레호두,모녀당 상도점,던킨 중앙대병원점,설빙 서울중앙대점,크로플덕 오리아가씨 서울대입구점,드웨이,스노우플라워
"카페,로뎀",그랩커피&브런치,뚜스뚜스 흑석역점,더웨이,매머드커피 상도역점,어펜딕스,카페찌미스,러윗츠,문커피,보트커피,중앙대학교경영관카페드림
드웨이,던킨 흑석DT점,바로요거,앳더블랑,모녀당 상도점,카페미뇽 중앙대점,커피콩클럽,던킨 중앙대병원점,브릿지엣지,베러댄와플 중앙대점,베이커즈원
가춘,참베이커리,브레드숨,브레드덕,파리바게뜨 중앙대점,오롯이 굽다,우리동네 식빵해적단,언니의식빵가게,우리동네식빵,리치몽브레 흑석점,뚜레쥬르 상도래미안점
우리동네 식빵해적단,참베이커리,가춘,브레드덕,브레드숨,파리바게뜨 중앙대점,우리동네식빵,오롯이 굽다,BGT호두단팥빵 숭실대역점,언니의식빵가게,뚜레쥬르 상도래미안점
블랑제리꾸끄,프랑세즈,참베이커리,브레드숨,엘리스파이,오롯이 굽다,아츠베이커리,가춘,브레드덕,파리바게뜨 노들역점,파리바게뜨 중앙대점
이공커피 흑석본점,커피킹,빽다방 숭실대점,달콩커피,메가MGC커피 숭실대입구역점,메가MGC커피 상도중앙점,이디야커피 상도중앙점,중앙대학교경영관카페드림,문커피,컴포즈커피 중앙대점,더치앤빈 흑리단길점
커피나무 랩,베이커즈원,LITITCOFFEE,투앤나인,카페 러브구스토,스타벅스 숭실대입구역점,오티움 로스터리,커피콩클럽,흑석커피,요세프,브라운필투
러윗츠,아츠베이커리,커스텀요거트,스마일꽈배기,블랑제리꾸끄,프랑세즈,경성찹쌀꽈배기 상도역점,오롯이 굽다,참베이커리,파리바게뜨 노들역점,브레드숨
컴포즈커피 중앙대점,메가MGC커피 상도중앙점,메가MGC커피 숭실대입구역점,매머드익스프레스 중앙대후문점,블루포트 중앙대학교301관점,매머드익스프레스 중앙대점,메가MGC커피 중앙대점,더벤티 중앙대점,카페드림 중앙대법학관점,마린커피,이공커피 흑석본점
설빙 서울중앙대점,크로플덕 오리아가씨 서울대입구점,카페미뇽 중앙대점,배스킨라빈스 중앙대,베러댄와플 중앙대점,배스킨라빈스 숭실대점,이레호두,"카페, 순",유프카페 중앙대후문점,카페 더테이블,던킨 중앙대병원점
앳더블랑,바로요거,커피콩클럽,드웨이,던킨 흑석DT점,베이커즈원,브릿지엣지,던킨 중앙대병원점,카페 러브구스토,배스킨라빈스 흑석DT,요세프
유프카페 중앙대후문점,"카페, 순",카페 더테이블,베브릿지 중앙대점,비틀쥬스 중앙대학교병원점,스노우플라워,카페비온후,카페노들수,멜로드,펠어커피 상도점,오후홍콩
그랩커피&브런치,"카페,로뎀",뚜스뚜스 흑석역점,더웨이,카페찌미스,매머드커피 상도역점,어펜딕스,바로요거,러윗츠,문커피,보트커피
"카페, 순",카페 더테이블,스노우플라워,카페비온후,유프카페 중앙대후문점,카페노들수,커피나무 중앙대정문점,카페잇 중앙대병원점,오후홍콩,베브릿지 중앙대점,페이브베이커리 흑석점
바로요거,앳더블랑,드웨이,던킨 흑석DT점,커피콩클럽,배스킨라빈스 흑석DT,브릿지엣지,던킨 중앙대병원점,카페미뇽 중앙대점,모녀당 상도점,요세프
청맥살롱,라임플레쉬카페,메이카페,카페필림,커피브라운,카페숨,엘에스와이랩,오티움 로스터리,LITITCOFFEE,커피나무 상도점,카페 루반
엘리스파이,브레드덕,브레드숨,우리동네 식빵해적단,참베이커리,가춘,프랑세즈,우리동네식빵,블랑제리꾸끄,파리바게트 상도역점,언니의식빵가게
LITITCOFFEE,오티움 로스터리,메이카페,커피나무 랩,커피더캠프 흑석역점,이디야 중앙대후문점,더치앤빈 흑리단길점,이디야커피 상도중앙점,st.535로스터리카페,스타벅스 숭실대입구역점,데일리커피
스타벅스 중앙대점,델리앤젤라또 중앙대병원점,스타벅스 숭실대입구역점,카페잇 중앙대병원점,카페디차,스타벅스 숭실대점,페이브베이커리 흑석점,셀렉토커피 상도두산점,이디야커피 중앙대점,GOODDAY COFFEE,카페노들수
카페미뇽 중앙대점,던킨 중앙대병원점,베러댄와플 중앙대점,배스킨라빈스 숭실대점,모녀당 상도점,배스킨라빈스 중앙대,던킨 흑석DT점,드웨이,설빙 서울중앙대점,멜로드,페이브베이커리 흑석점
스타벅스 숭실대점,오카페 흑석점,이디야 중앙대후문점,스타벅스 중앙대점,스타벅스 숭실대입구역점,델리앤젤라또 중앙대병원점,커피집,카페 빈,블루포트,카페잇 중앙대병원점,이디야커피 중앙대점
이디야커피 상도중앙점,달콩커피,이공커피 흑석본점,더치앤빈 흑리단길점,빽다방 숭실대점,블루포트 중앙대학교301관점,메가MGC커피 숭실대입구역점,메가MGC커피 상도중앙점,커피킹,마린커피,문커피
그루비,탐앤탐스 중앙대점,델리앤젤라또 중앙대병원점,페이브베이커리 흑석점,스타벅스 숭실대입구역점,스타벅스 중앙대점,GOODDAY COFFEE,흑석커피,카페잇 중앙대병원점,할리스 중앙대점,토크넌센스
매머드익스프레스 중앙대후문점,매머드익스프레스 중앙대점,메가MGC커피 상도중앙점,컴포즈커피 중앙대점,더벤티 중앙대점,메가MGC커피 숭실대입구역점,블루포트 중앙대학교301관점,메가MGC커피 중앙대점,커피에반하다 중앙대점 스마트 무인카페,커피킹,이공커피 흑석본점
배스킨라빈스 흑석DT,바로요거,배스킨라빈스 숭실대점,앳더블랑,던킨 흑석DT점,배스킨라빈스 중앙대,드웨이,카페미뇽 중앙대점,브릿지엣지,던킨 중앙대병원점,커스텀요거트
빅컵,위드커피,커피콩클럽,흑석커피,커피나무 중앙대정문점,투앤나인,커피나무 상도점,베이커즈원,바로요거,카페잇 중앙대병원점,브라운필투
마린커피,블루포트,카페 빈,가성비,메가MGC커피 중앙대점,컴포즈커피 중앙대점,쉬어가는모퉁이커피한잔,모코커피,카페아드리아,달콩커피,카페드림 중앙대법학관점
매머드익스프레스 중앙대점,매머드익스프레스 중앙대후문점,컴포즈커피 중앙대점,더벤티 중앙대점,메가MGC커피 상도중앙점,메가MGC커피 숭실대입구역점,메가MGC커피 중앙대점,카페드림 중앙대법학관점,커피에반하다 중앙대점 스마트 무인카페,블루포트 중앙대학교301관점,중앙대310관 카페
멜로드,커피나무 중앙대정문점,카페노들수,요거프레소 중앙대점,베러댄와플 중앙대점,마담콩cafe,던킨 중앙대병원점,위드커피,"카페, 순",오후홍콩,카페잇 중앙대병원점
st.535로스터리카페,빅토리아가든,커피더캠프 흑석역점,GOODDAY COFFEE,스타벅스 숭실대입구역점,오티움 로스터리,더치앤빈 흑리단길점,스타벅스 중앙대점,바리스타조앤,셀렉토커피 상도두산점,달콩커피
뚜레쥬르 상도래미안점,파리바게뜨 중앙대점,BGT호두단팥빵 숭실대역점,파리바게뜨 노들역점,오롯이 굽다,리치몽브레 흑석점,가춘,우리동네 식빵해적단,참베이커리,파리바게트 상도역점,언니의식빵가게
커피나무 상도점,카페숨,카페잇 중앙대병원점,펠어커피 상도점,카페노들수,스타벅스 중앙대점,카페디차,스타벅스 숭실대입구역점,스타벅스 숭실대점,커피나무 중앙대정문점,셀렉토커피 상도두산점
카페힐,라임플레쉬카페,엘에스와이랩,쉬어가는모퉁이커피한잔,메가MGC커피 숭실대입구역점,메가MGC커피 상도중앙점,카페아드리아,카페드림 중앙대법학관점,컴포즈커피 중앙대점,문커피,달콩커피
커피나무 중앙대정문점,카페노들수,멜로드,카페잇 중앙대병원점,마담콩cafe,스노우플라워,커피나무 상도점,카페비온후,베러댄와플 중앙대점,던킨 중앙대병원점,카페 더테이블
공차 중앙대점,비틀쥬스 중앙대학교병원점,블루버블 버블티,베브릿지 중앙대점,아마스빈 중앙대점,정우원,카페찌미스,카페린91,펠어커피 상도점,요거프레소 중앙대점,유프카페 중앙대후문점
흑석커피,스타벅스 숭실대입구역점,갓프레소 본점,GOODDAY COFFEE,블루포트,스타벅스 중앙대점,브라운필투,카페잇 중앙대병원점,바리스타조앤,커피집,스타벅스 숭실대점
브릿지엣지,요세프,커스텀요거트,던킨 중앙대병원점,배스킨라빈스 숭실대점,배스킨라빈스 중앙대,앳더블랑,바로요거,베이커즈원,모녀당 상도점,카페 러브구스토
배스킨라빈스 중앙대,배스킨라빈스 숭실대점,카페미뇽 중앙대점,설빙 서울중앙대점,브릿지엣지,크로플덕 오리아가씨 서울대입구점,커스텀요거트,던킨 흑석DT점,이레호두,배스킨라빈스 흑석DT,드웨이
카페힐우드,데일리커피,투앤나인,카페디차,오티움 로스터리,스타벅스 숭실대입구역점,카페잇 중앙대병원점,카페노들수,셀렉토커피 상도두산점,스타벅스 중앙대점,위드커피
블루포트 중앙대학교102관점,블루포트 중앙대학교301관점,메가MGC커피 중앙대점,중앙대310관 카페,하드앤빈스,마린커피,GOODDAY COFFEE,블루포트,모코커피,커피에반하다 중앙대점 스마트 무인카페,오카페 흑석점
할리스 중앙대점,오카페 흑석점,이디야 중앙대후문점,스타벅스 숭실대점,잔디속에있다고상상을해,토크넌센스,블루포트 중앙대학교102관점,델리앤젤라또 중앙대병원점,커피집,그루비,스타벅스 중앙대점
던킨 흑석DT점,드웨이,바로요거,앳더블랑,카페미뇽 중앙대점,모녀당 상도점,배스킨라빈스 흑석DT,배스킨라빈스 숭실대점,배스킨라빈스 중앙대,던킨 중앙대병원점,브릿지엣지
파리바게뜨 중앙대점,오롯이 굽다,가춘,참베이커리,우리동네 식빵해적단,뚜레쥬르 상도래미안점,리치몽브레 흑석점,파리바게뜨 노들역점,브레드숨,언니의식빵가게,브레드덕
위드커피,카페노들수,카페디차,커피나무 중앙대정문점,카페힐우드,카페잇 중앙대병원점,투앤나인,커피나무 상도점,펠어커피 상도점,셀렉토커피 상도두산점,데일리커피
스마일꽈배기,경성찹쌀꽈배기 상도역점,흑석제과,리치몽브레 흑석점,파리바게뜨 중앙대점,오롯이 굽다,BGT호두단팥빵 숭실대역점,참베이커리,가춘,우리동네 식빵해적단,브레드숨
커피콩클럽,앳더블랑,바로요거,베이커즈원,드웨이,위드커피,커피나무 랩,투앤나인,카페 러브구스토,요세프,던킨 흑석DT점
던킨 중앙대병원점,카페미뇽 중앙대점,페이브베이커리 흑석점,카페잇 중앙대병원점,커피나무 중앙대정문점,멜로드,모녀당 상도점,카페힐우드,베이커즈원,베러댄와플 중앙대점,카페디차
카페찌미스,블루버블 버블티,정우원,더웨이,비틀쥬스 중앙대학교병원점,터방내,유프카페 중앙대후문점,공차 중앙대점,위드커피,보트커피,커피더캠프 흑석역점
이디야커피 중앙대점,카페모찌 중앙대점,이디야커피 숭실대역점,카페 빈,셀렉토커피 상도두산점,블루포트,쉬어가는모퉁이커피한잔,마담콩cafe,메가MGC커피 중앙대점,마린커피,카페아드리아
엘에스와이랩,가성비,쉬어가는모퉁이커피한잔,카페 빈,라임플레쉬카페,더치앤빈 흑리단길점,커피향기,카페힐,문커피,카페필림,카페아드리아
하드앤빈스,모코커피,블루포트,카페모찌 중앙대점,빅토리아가든,마린커피,바리스타조앤,이디야커피 중앙대점,카페 빈,메가MGC커피 중앙대점,갓프레소 본점
요세프,브릿지엣지,베이커즈원,카페 더테이블,카페 러브구스토,던킨 중앙대병원점,스노우플라워,모녀당 상도점,투앤나인,앳더블랑,"카페, 순"
더벤티 중앙대점,메가MGC커피 상도중앙점,매머드익스프레스 중앙대후문점,메가MGC커피 숭실대입구역점,매머드익스프레스 중앙대점,컴포즈커피 중앙대점,커피킹,빽다방 숭실대점,이공커피 흑석본점,블루포트 중앙대학교301관점,중앙대학교경영관카페드림
카페숨,커피나무 상도점,라임플레쉬카페,빅토리아가든,펠어커피 상도점,바리스타조앤,셀렉토커피 상도두산점,엘에스와이랩,스타벅스 중앙대점,스타벅스 숭실대입구역점,카페디차
경성찹쌀꽈배기 상도역점,스마일꽈배기,흑석제과,리치몽브레 흑석점,파리바게뜨 중앙대점,오롯이 굽다,BGT호두단팥빵 숭실대역점,파리바게뜨 노들역점,뚜레쥬르 상도래미안점,가춘,참베이커리
이디야커피 숭실대역점,카페모찌 중앙대점,이디야커피 중앙대점,아마스빈 중앙대점,셀렉토커피 상도두산점,요거프레소 중앙대점,중앙대310관 카페,쉬어가는모퉁이커피한잔,메가MGC커피 숭실대입구역점,블루포트 중앙대학교301관점,마담콩cafe
탐앤탐스 중앙대점,델리앤젤라또 중앙대병원점,그루비,바리스타조앤,스타벅스 중앙대점,토크넌센스,페이브베이커리 흑석점,스타벅스 숭실대입구역점,GOODDAY COFFEE,하드앤빈스,카페잇 중앙대병원점
메이카페,LITITCOFFEE,커피나무 랩,오티움 로스터리,이디야 중앙대후문점,카페필림,스타벅스 숭실대점,청맥살롱,오카페 흑석점,블루포트 중앙대학교102관점,더치앤빈 흑리단길점
카페디차,스타벅스 중앙대점,카페힐우드,카페잇 중앙대병원점,스타벅스 숭실대입구역점,투앤나인,셀렉토커피 상도두산점,카페노들수,데일리커피,델리앤젤라또 중앙대병원점,펠어커피 상도점
이디야 중앙대후문점,스타벅스 숭실대점,오카페 흑석점,스타벅스 중앙대점,할리스 중앙대점,셀렉토커피 상도두산점,델리앤젤라또 중앙대병원점,카페디차,이디야커피 중앙대점,카페모찌 중앙대점,스타벅스 숭실대입구역점
커피에반하다 중앙대점 스마트 무인카페,메가MGC커피 중앙대점,매머드익스프레스 중앙대점,매머드익스프레스 중앙대후문점,컴포즈커피 중앙대점,블루포트 중앙대학교301관점,메가MGC커피 상도중앙점,마린커피,카페드림 중앙대법학관점,메가MGC커피 숭실대입구역점,모코커피
카페필림,엘에스와이랩,가성비,쉬어가는모퉁이커피한잔,더치앤빈 흑리단길점,문커피,카페 빈,커피향기,카페아드리아,오티움 로스터리,셀렉토커피 상도두산점
달콩커피,이디야커피 상도중앙점,더치앤빈 흑리단길점,이공커피 흑석본점,쉬어가는모퉁이커피한잔,문커피,빽다방 숭실대점,메가MGC커피 숭실대입구역점,마린커피,블루포트 중앙대학교301관점,카페아드리아
카페비온후,스노우플라워,카페 더테이블,"카페, 순",카페잇 중앙대병원점,커피집,델리앤젤라또 중앙대병원점,스타벅스 중앙대점,커피나무 중앙대정문점,카페노들수,스타벅스 숭실대점
커피인더스터디,THE한강,액션커피,터방내,st.535로스터리카페,커피향기,보트커피,위드커피,오티움 로스터리,카페필림,커피콩클럽
라임플레쉬카페,엘에스와이랩,카페힐,카페숨,커피브라운,바리스타조앤,모코커피,빅토리아가든,하드앤빈스,커피나무 상도점,카페 루반
메가MGC커피 상도중앙점,메가MGC커피 숭실대입구역점,컴포즈커피 중앙대점,매머드익스프레스 중앙대후문점,더벤티 중앙대점,블루포트 중앙대학교301관점,매머드익스프레스 중앙대점,이공커피 흑석본점,커피킹,카페드림 중앙대법학관점,빽다방 숭실대점
데일리커피,카페힐우드,투앤나인,카페디차,오티움 로스터리,커피더캠프 흑석역점,셀렉토커피 상도두산점,더치앤빈 흑리단길점,카페린91,더웨이,문커피
카페드림 중앙대법학관점,컴포즈커피 중앙대점,메가MGC커피 숭실대입구역점,마린커피,메가MGC커피 중앙대점,메가MGC커피 상도중앙점,마담콩cafe,쉬어가는모퉁이커피한잔,카페 빈,카페아드리아,매머드익스프레스 중앙대점
블루버블 버블티,비틀쥬스 중앙대학교병원점,카페찌미스,유프카페 중앙대후문점,베브릿지 중앙대점,정우원,더웨이,공차 중앙대점,크로플덕 오리아가씨 서울대입구점,위드커피,펠어커피 상도점
63베이커리,브라운필 빵공장,파리바게트 상도역점,뚜레쥬르 상도래미안점,프랑세즈,뚜레쥬르 중앙대100주년관점,블랑제리꾸끄,BGT호두단팥빵 숭실대역점,파리바게뜨 노들역점,언니의식빵가게,파리바게뜨 중앙대점
카페린91,펠어커피 상도점,바리스타조앤,카페디차,커피더캠프 흑석역점,데일리커피,빅토리아가든,카페숨,라임플레쉬카페,셀렉토커피 상도두산점,st.535로스터리카페
파리바게뜨 노들역점,오롯이 굽다,파리바게뜨 중앙대점,뚜레쥬르 상도래미안점,리치몽브레 흑석점,파리바게뜨 상도건영점,가춘,참베이커리,경성찹쌀꽈배기 상도역점,프랑세즈,언니의식빵가게
빅토리아가든,바리스타조앤,하드앤빈스,st.535로스터리카페,모코커피,카페숨,GOODDAY COFFEE,카페 빈,커피집,라임플레쉬카페,블루포트
모코커피,하드앤빈스,블루포트,마린커피,갓프레소 본점,카페 빈,빅토리아가든,메가MGC커피 중앙대점,바리스타조앤,이디야커피 중앙대점,카페모찌 중앙대점
아마스빈 중앙대점,이디야커피 숭실대역점,요거프레소 중앙대점,카페모찌 중앙대점,이디야커피 중앙대점,베브릿지 중앙대점,셀렉토커피 상도두산점,중앙대310관 카페,카페노들수,델리앤젤라또 중앙대병원점,빽다방 숭실대점
문커피,더치앤빈 흑리단길점,달콩커피,쉬어가는모퉁이커피한잔,이공커피 흑석본점,보트커피,중앙대학교경영관카페드림,커피킹,빽다방 숭실대점,엘에스와이랩,가성비
메가MGC커피 중앙대점,컴포즈커피 중앙대점,마린커피,블루포트 중앙대학교301관점,블루포트,카페드림 중앙대법학관점,매머드익스프레스 중앙대점,메가MGC커피 상도중앙점,카페모찌 중앙대점,메가MGC커피 숭실대입구역점,이디야커피 중앙대점
카페 러브구스토,브라운필투,베이커즈원,커피나무 중앙대정문점,요세프,던킨 중앙대병원점,투앤나인,앳더블랑,커피나무 랩,마담콩cafe,브릿지엣지
카페 빈,블루포트,이디야커피 중앙대점,쉬어가는모퉁이커피한잔,마린커피,셀렉토커피 상도두산점,가성비,카페아드리아,카페모찌 중앙대점,커피향기,갓프레소 본점
스노우플라워,카페비온후,"카페, 순",카페 더테이블,카페잇 중앙대병원점,커피나무 중앙대정문점,페이브베이커리 흑석점,카페노들수,델리앤젤라또 중앙대병원점,스타벅스 중앙대점,커피나무 상도점
파리바게뜨 상도건영점,파리바게뜨 중앙대점,파리바게뜨 노들역점,뚜레쥬르 상도래미안점,오롯이 굽다,참베이커리,우리동네 식빵해적단,가춘,BGT호두단팥빵 숭실대역점,파리바게트 상도역점,브레드숨
더치앤빈 흑리단길점,달콩커피,가성비,문커피,이디야커피 상도중앙점,쉬어가는모퉁이커피한잔,이공커피 흑석본점,마린커피,오티움 로스터리,엘에스와이랩,카페 빈
오티움 로스터리,더치앤빈 흑리단길점,투앤나인,st.535로스터리카페,LITITCOFFEE,데일리커피,카페힐우드,스타벅스 숭실대입구역점,커피더캠프 흑석역점,달콩커피,카페디차
리치몽브레까페,브라운필 빵공장,프랑세즈,블랑제리꾸끄,63베이커리,히뽀1997,라임플레쉬카페,카페숨,엘에스와이랩,커피브라운,커피나무 상도점
카페 더테이블,"카페, 순",스노우플라워,카페비온후,유프카페 중앙대후문점,커피나무 중앙대정문점,요세프,카페잇 중앙대병원점,카페노들수,액션커피,던킨 중앙대병원점
이레호두,베러댄와플 중앙대점,크로플덕 오리아가씨 서울대입구점,배스킨라빈스 중앙대,커스텀요거트,배스킨라빈스 숭실대점,설빙 서울중앙대점,카페미뇽 중앙대점,브릿지엣지,모녀당 상도점,드웨이
참베이커리,가춘,우리동네 식빵해적단,브레드숨,파리바게뜨 중앙대점,오롯이 굽다,브레드덕,언니의식빵가게,우리동네식빵,리치몽브레 흑석점,뚜레쥬르 상도래미안점
카페 루반,라임플레쉬카페,커피브라운,엘에스와이랩,카페힐,모코커피,가성비,빅토리아가든,마린커피,터방내,카페드림 중앙대법학관점
투앤나인,카페힐우드,데일리커피,카페디차,오티움 로스터리,스타벅스 숭실대입구역점,카페잇 중앙대병원점,더치앤빈 흑리단길점,스타벅스 중앙대점,셀렉토커피 상도두산점,커피나무 상도점
베이커즈원,모녀당 상도점,요세프,카페 러브구스토,던킨 중앙대병원점,카페잇 중앙대병원점,커피나무 상도점,커피나무 랩,투앤나인,커피나무 중앙대정문점,브라운필투
브레드덕,브레드숨,가춘,참베이커리,우리동네 식빵해적단,우리동네식빵,언니의식빵가게,파리바게뜨 중앙대점,오롯이 굽다,엘리스파이,리치몽브레 흑석점
우리동네식빵,우리동네 식빵해적단,브레드덕,언니의식빵가게,가춘,BGT호두단팥빵 숭실대역점,파리바게트 상도역점,브레드숨,참베이커리,파리바게뜨 중앙대점,뚜레쥬르 상도래미안점
오카페 흑석점,스타벅스 숭실대점,이디야 중앙대후문점,할리스 중앙대점,델리앤젤라또 중앙대병원점,스타벅스 중앙대점,커피집,스타벅스 숭실대입구역점,이디야커피 중앙대점,블루포트,카페모찌 중앙대점
브라운필투,카페 러브구스토,카페드림 중앙대법학관점,가성비,카페 빈,마담콩cafe,블루포트,갓프레소 본점,커피나무 중앙대정문점,마린커피,스타벅스 숭실대입구역점
뚜레쥬르 중앙대100주년관점,BGT호두단팥빵 숭실대역점,흑석제과,리치몽브레 흑석점,뚜레쥬르 상도래미안점,경성찹쌀꽈배기 상도역점,언니의식빵가게,63베이커리,우리동네식빵,스마일꽈배기,가춘
리치몽브레 흑석점,오롯이 굽다,가춘,파리바게뜨 중앙대점,언니의식빵가게,뚜레쥬르 상도래미안점,BGT호두단팥빵 숭실대역점,참베이커리,경성찹쌀꽈배기 상도역점,브레드숨,브레드덕
오롯이 굽다,파리바게뜨 중앙대점,가춘,참베이커리,리치몽브레 흑석점,파리바게뜨 노들역점,브레드숨,우리동네 식빵해적단,언니의식빵가게,뚜레쥬르 상도래미안점,브레드덕
정우원,카페찌미스,유프카페 중앙대후문점,비틀쥬스 중앙대학교병원점,보트커피,베브릿지 중앙대점,블루버블 버블티,카페린91,펠어커피 상도점,더웨이,커피향기
카페노들수,커피나무 중앙대정문점,마담콩cafe,셀렉토커피 상도두산점,카페디차,멜로드,카페잇 중앙대병원점,요거프레소 중앙대점,이디야커피 중앙대점,스타벅스 중앙대점,펠어커피 상도점
파리바게트 상도역점,우리동네식빵,우리동네 식빵해적단,뚜레쥬르 상도래미안점,BGT호두단팥빵 숭실대역점,언니의식빵가게,가춘,브레드덕,파리바게뜨 중앙대점,참베이커리,63베이커리
흑석제과,경성찹쌀꽈배기 상도역점,스마일꽈배기,리치몽브레 흑석점,BGT호두단팥빵 숭실대역점,뚜레쥬르 중앙대100주년관점,파리바게뜨 중앙대점,가춘,오롯이 굽다,우리동네 식빵해적단,언니의식빵가게
커피킹,빽다방 숭실대점,중앙대학교경영관카페드림,이공커피 흑석본점,메가MGC커피 숭실대입구역점,더벤티 중앙대점,메가MGC커피 상도중앙점,문커피,달콩커피,어펜딕스,이디야커피 상도중앙점
BGT호두단팥빵 숭실대역점,우리동네식빵,뚜레쥬르 상도래미안점,우리동네 식빵해적단,파리바게뜨 중앙대점,리치몽브레 흑석점,가춘,언니의식빵가게,참베이커리,파리바게트 상도역점,오롯이 굽다
갓프레소 본점,블루포트,모코커피,카페 빈,마린커피,하드앤빈스,커피집,메가MGC커피 중앙대점,이디야커피 중앙대점,흑석커피,스타벅스 숭실대점
커피더캠프 흑석역점,st.535로스터리카페,오티움 로스터리,데일리커피,카페힐우드,더치앤빈 흑리단길점,카페린91,카페디차,이디야커피 상도중앙점,달콩커피,투앤나인
중앙대310관 카페,메가MGC커피 중앙대점,카페모찌 중앙대점,이디야커피 숭실대역점,블루포트 중앙대학교301관점,이디야커피 중앙대점,매머드익스프레스 중앙대후문점,컴포즈커피 중앙대점,매머드익스프레스 중앙대점,메가MGC커피 상도중앙점,메가MGC커피 숭실대입구역점
델리앤젤라또 중앙대병원점,스타벅스 중앙대점,카페잇 중앙대병원점,페이브베이커리 흑석점,스타벅스 숭실대입구역점,카페디차,스타벅스 숭실대점,오카페 흑석점,카페노들수,이디야커피 중앙대점,카페모찌 중앙대점
중앙대학교경영관카페드림,커피킹,빽다방 숭실대점,어펜딕스,이공커피 흑석본점,문커피,더벤티 중앙대점,메가MGC커피 숭실대입구역점,메가MGC커피 상도중앙점,달콩커피,이디야커피 상도중앙점
아이스조아 상도6호점,어펜딕스,중앙대학교경영관카페드림,매머드커피 상도역점,커피킹,커스텀요거트,더벤티 중앙대점,빽다방 숭실대점,이공커피 흑석본점,카페 러브구스토,매머드익스프레스 중앙대후문점
가성비,더치앤빈 흑리단길점,마린커피,엘에스와이랩,카페 빈,쉬어가는모퉁이커피한잔,달콩커피,카페아드리아,카페드림 중앙대법학관점,카페필림,문커피
더웨이,데일리커피,위드커피,카페힐우드,투앤나인,펠어커피 상도점,카페디차,보트커피,문커피,커피더캠프 흑석역점,셀렉토커피 상도두산점
블루포트,갓프레소 본점,카페 빈,모코커피,마린커피,이디야커피 중앙대점,하드앤빈스,메가MGC커피 중앙대점,카페모찌 중앙대점,커피집,카페아드리아
빽다방 숭실대점,커피킹,중앙대학교경영관카페드림,이공커피 흑석본점,이디야커피 상도중앙점,메가MGC커피 숭실대입구역점,달콩커피,메가MGC커피 상도중앙점,문커피,더벤티 중앙대점,어펜딕스
언니의식빵가게,가춘,브레드덕,우리동네식빵,브레드숨,파리바게뜨 중앙대점,오롯이 굽다,리치몽브레 흑석점,참베이커리,우리동네 식빵해적단,BGT호두단팥빵 숭실대역점
모코커피,커피브라운,커피에반하다 중앙대점 스마트 무인카페,모코커피,블루포트 중앙대학교102관점,하드앤빈스,탐앤탐스 중앙대점,바리스타조앤,메가MGC커피 중앙대점,갓프레소 본점,마린커피
요거프레소 중앙대점,카페노들수,멜로드,이디야커피 숭실대역점,아마스빈 중앙대점,마담콩cafe,오후홍콩,이디야커피 중앙대점,카페모찌 중앙대점,셀렉토커피 상도두산점,커피나무 중앙대정문점
커피집,블루포트,카페비온후,갓프레소 본점,스타벅스 숭실대점,스타벅스 중앙대점,GOODDAY COFFEE,하드앤빈스,오카페 흑석점,스타벅스 숭실대입구역점,모코커피
커피향기,쉬어가는모퉁이커피한잔,보트커피,카페 빈,셀렉토커피 상도두산점,카페아드리아,달콩커피,엘에스와이랩,더치앤빈 흑리단길점,문커피,가성비
배스킨라빈스 숭실대점,배스킨라빈스 중앙대,카페미뇽 중앙대점,브릿지엣지,배스킨라빈스 흑석DT,던킨 흑석DT점,커스텀요거트,크로플덕 오리아가씨 서울대입구점,설빙 서울중앙대점,이레호두,드웨이
카페잇 중앙대병원점,스타벅스 중앙대점,페이브베이커리 흑석점,델리앤젤라또 중앙대병원점,스타벅스 숭실대입구역점,카페디차,카페노들수,커피나무 중앙대정문점,커피나무 상도점,카페비온후,스타벅스 숭실대점
메가MGC커피 숭실대입구역점,메가MGC커피 상도중앙점,컴포즈커피 중앙대점,더벤티 중앙대점,블루포트 중앙대학교301관점,매머드익스프레스 중앙대후문점,이공커피 흑석본점,커피킹,매머드익스프레스 중앙대점,카페드림 중앙대법학관점,빽다방 숭실대점
바리스타조앤,빅토리아가든,GOODDAY COFFEE,하드앤빈스,모코커피,카페숨,스타벅스 숭실대입구역점,st.535로스터리카페,라임플레쉬카페,스타벅스 중앙대점,탐앤탐스 중앙대점
어펜딕스,중앙대학교경영관카페드림,커피킹,빽다방 숭실대점,이공커피 흑석본점,문커피,이디야커피 상도중앙점,달콩커피,더벤티 중앙대점,메가MGC커피 숭실대입구역점,더치앤빈 흑리단길점
블루포트 중앙대학교301관점,컴포즈커피 중앙대점,메가MGC커피 상도중앙점,메가MGC커피 숭실대입구역점,매머드익스프레스 중앙대후문점,이디야커피 상도중앙점,메가MGC커피 중앙대점,마린커피,달콩커피,이공커피 흑석본점,카페모찌 중앙대점
GOODDAY COFFEE,바리스타조앤,스타벅스 숭실대입구역점,st.535로스터리카페,스타벅스 중앙대점,하드앤빈스,커피집,블루포트,모코커피,빅토리아가든,갓프레소 본점
스타벅스 숭실대입구역점,스타벅스 중앙대점,카페잇 중앙대병원점,델리앤젤라또 중앙대병원점,카페디차,GOODDAY COFFEE,스타벅스 숭실대점,st.535로스터리카페,투앤나인,페이브베이커리 흑석점,흑석커피
커피브라운,라임플레쉬카페,바리스타조앤,모코커피,카페 루반,카페숨,엘에스와이랩,모코커피,카페힐,가성비,더치앤빈 흑리단길점
크로플덕 오리아가씨 서울대입구점,설빙 서울중앙대점,이레호두,베러댄와플 중앙대점,배스킨라빈스 중앙대,배스킨라빈스 숭실대점,카페미뇽 중앙대점,멜로드,비틀쥬스 중앙대학교병원점,커스텀요거트,유프카페 중앙대후문점
카페모찌 중앙대점,이디야커피 중앙대점,이디야커피 숭실대역점,카페 빈,셀렉토커피 상도두산점,블루포트,하드앤빈스,메가MGC커피 중앙대점,쉬어가는모퉁이커피한잔,블루포트 중앙대학교301관점,마린커피
카페아드리아,쉬어가는모퉁이커피한잔,카페 빈,마린커피,커피향기,달콩커피,카페드림 중앙대법학관점,가성비,메가MGC커피 숭실대입구역점,이디야커피 중앙대점,컴포즈커피 중앙대점
매머드커피 상도역점,어펜딕스,이공커피 흑석본점,중앙대학교경영관카페드림,문커피,더치앤빈 흑리단길점,카페 러브구스토,가성비,커피킹,빽다방 숭실대점,달콩커피
마담콩cafe,카페노들수,이디야커피 중앙대점,카페드림 중앙대법학관점,셀렉토커피 상도두산점,카페 빈,쉬어가는모퉁이커피한잔,커피나무 중앙대정문점,멜로드,카페모찌 중앙대점,요거프레소 중앙대점
쉬어가는모퉁이커피한잔,카페아드리아,커피향기,카페 빈,달콩커피,문커피,셀렉토커피 상도두산점,마린커피,엘에스와이랩,메가MGC커피 숭실대입구역점,가성비
보트커피,커피향기,문커피,쉬어가는모퉁이커피한잔,셀렉토커피 상도두산점,엘에스와이랩,달콩커피,더치앤빈 흑리단길점,카페아드리아,중앙대학교경영관카페드림,커피킹
비틀쥬스 중앙대학교병원점,블루버블 버블티,유프카페 중앙대후문점,베브릿지 중앙대점,정우원,크로플덕 오리아가씨 서울대입구점,공차 중앙대점,"카페, 순",설빙 서울중앙대점,펠어커피 상도점,요거프레소 중앙대점
셀렉토커피 상도두산점,카페 빈,이디야커피 중앙대점,쉬어가는모퉁이커피한잔,카페노들수,카페디차,커피향기,카페모찌 중앙대점,마담콩cafe,스타벅스 중앙대점,이디야커피 숭실대역점
