place,tag_title,tag_count
카페 공명,"['디저트가 맛있어요', '커피가 맛있어요', '인테리어가 멋져요', '음료가 맛있어요', '대화하기 좋아요']","[358, 226, 213, 160, 130]"
뷰클런즈,"['인테리어가 멋져요', '친절해요', '커피가 맛있어요', '음료가 맛있어요', '매장이 청결해요']","[1227, 968, 959, 670, 669]"
어글리베이커리,"['빵이 맛있어요', '특별한 메뉴가 있어요', '친절해요', '매장이 청결해요', '가성비가 좋아요']","[2133, 853, 376, 223, 111]"
가배도 신논현,"['커피가 맛있어요', '디저트가 맛있어요', '인테리어가 멋져요', '음료가 맛있어요', '매장이 청결해요']","[64, 60, 43, 34, 19]"
1984,"['인테리어가 멋져요', '커피가 맛있어요', '친절해요', '매장이 청결해요', '집중하기 좋아요']","[84, 81, 56, 44, 42]"
맷차,"['음료가 맛있어요', '커피가 맛있어요', '특별한 메뉴가 있어요', '디저트가 맛있어요', '인테리어가 멋져요']","[578, 487, 350, 319, 232]"
앤트러사이트 서교점,"['커피가 맛있어요', '인테리어가 멋져요', '뷰가 좋아요', '집중하기 좋아요', '매장이 청결해요']","[197, 134, 101, 96, 65]"
카페 노티드 청담,"['디저트가 맛있어요', '특별한 메뉴가 있어요', '친절해요', '인테리어가 멋져요', '커피가 맛있어요']","[4507, 1511, 1141, 921, 869]"
어니언 성수,"['디저트가 맛있어요', '커피가 맛있어요', '인테리어가 멋져요', '친절해요', '음료가 맛있어요']","[280, 192, 124, 91, 64]"
마일스톤 커피,"['커피가 맛있어요', '친절해요', '디저트가 맛있어요', '음료가 맛있어요', '인테리어가 멋져요']","[654, 312, 265, 207, 138]"
청수당,"['인테리어가 멋져요', '디저트가 맛있어요', '커피가 맛있어요', '음료가 맛있어요', '사진이 잘 나와요']","[242, 238, 197, 163, 152]"
카페다오,"['디저트가 맛있어요', '커피가 맛있어요', '인테리어가 멋져요', '음료가 맛있어요', '친절해요']","[409, 318, 251, 217, 210]"
키에리,"['디저트가 맛있어요', '특별한 메뉴가 있어요', '친절해요', '커피가 맛있어요', '음료가 맛있어요']","[656, 316, 215, 212, 120]"
올드페리도넛,"['디저트가 맛있어요', '특별한 메뉴가 있어요', '친절해요', '매장이 청결해요', '커피가 맛있어요']","[1530, 541, 384, 254, 244]"
카페겸,"['커피가 맛있어요', '친절해요', '뷰가 좋아요', '매장이 청결해요', '음료가 맛있어요']","[104, 56, 50, 44, 43]"
어니언 안국,"['디저트가 맛있어요', '인테리어가 멋져요', '커피가 맛있어요', '친절해요', '사진이 잘 나와요']","[1885, 1217, 1170, 831, 556]"
아키비스트 서촌,"['커피가 맛있어요', '음료가 맛있어요', '디저트가 맛있어요', '특별한 메뉴가 있어요', '인테리어가 멋져요']","[1435, 435, 391, 347, 322]"
썸띵어바웃커피,"['디저트가 맛있어요', '커피가 맛있어요', '인테리어가 멋져요', '음료가 맛있어요', '대화하기 좋아요']","[403, 242, 110, 104, 91]"
빈터커피로스터스,"['커피가 맛있어요', '친절해요', '디저트가 맛있어요', '음료가 맛있어요', '인테리어가 멋져요']","[175, 91, 56, 50, 49]"
오츠커피 용산점,"['커피가 맛있어요', '친절해요', '음료가 맛있어요', '특별한 메뉴가 있어요', '디저트가 맛있어요']","[504, 169, 166, 110, 81]"
블루보틀 삼청 카페,"['커피가 맛있어요', '친절해요', '인테리어가 멋져요', '매장이 청결해요', '뷰가 좋아요']","[1193, 466, 386, 385, 377]"
서울페이스트리 연남점,"['빵이 맛있어요', '특별한 메뉴가 있어요', '커피가 맛있어요', '친절해요', '인테리어가 멋져요']","[272, 99, 78, 72, 45]"
맥심플랜트,"['커피가 맛있어요', '인테리어가 멋져요', '매장이 청결해요', '대화하기 좋아요', '좌석이 편해요']","[882, 554, 356, 281, 275]"
학림,"['커피가 맛있어요', '인테리어가 멋져요', '친절해요', '음료가 맛있어요', '대화하기 좋아요']","[418, 244, 152, 135, 130]"
오우도,"['커피가 맛있어요', '인테리어가 멋져요', '매장이 청결해요', '음료가 맛있어요', '대화하기 좋아요']","[125, 90, 57, 50, 47]"
포비 광화문,"['빵이 맛있어요', '커피가 맛있어요', '친절해요', '특별한 메뉴가 있어요', '매장이 청결해요']","[1360, 677, 426, 275, 243]"
피오니,"['디저트가 맛있어요', '커피가 맛있어요', '특별한 메뉴가 있어요', '음료가 맛있어요', '친절해요']","[533, 155, 105, 103, 98]"
오츠커피 마포점,"['커피가 맛있어요', '친절해요', '음료가 맛있어요', '특별한 메뉴가 있어요', '디저트가 맛있어요']","[269, 90, 82, 65, 42]"
카페 산아래,"['커피가 맛있어요', '뷰가 좋아요', '디저트가 맛있어요', '인테리어가 멋져요', '음료가 맛있어요']","[303, 289, 213, 167, 118]"
당인리책발전소,"['읽을만한 책이 많아요', '집중하기 좋아요', '인테리어가 멋져요', '커피가 맛있어요', '친절해요']","[214, 173, 160, 136, 94]"
더 스팟 패뷸러스,"['디저트가 맛있어요', '인테리어가 멋져요', '커피가 맛있어요', '음료가 맛있어요', '사진이 잘 나와요']","[480, 400, 346, 166, 163]"
샌드커피 논탄토 신사,"['커피가 맛있어요', '특별한 메뉴가 있어요', '디저트가 맛있어요', '친절해요', '음료가 맛있어요']","[195, 92, 82, 51, 39]"
디벙크,"['커피가 맛있어요', '인테리어가 멋져요', '집중하기 좋아요', '디저트가 맛있어요', '음료가 맛있어요']","[37, 24, 16, 14, 11]"
모브,"['친절해요', '디저트가 맛있어요', '커피가 맛있어요', '인테리어가 멋져요', '음료가 맛있어요']","[33, 29, 28, 22, 21]"
프릳츠 도화점,"['커피가 맛있어요', '디저트가 맛있어요', '인테리어가 멋져요', '친절해요', '음료가 맛있어요']","[1877, 1497, 688, 606, 529]"
카페 레이어드 안국점,"['빵이 맛있어요', '특별한 메뉴가 있어요', '커피가 맛있어요', '인테리어가 멋져요', '친절해요']","[712, 212, 204, 199, 183]"
태양커피,"['커피가 맛있어요', '음료가 맛있어요', '특별한 메뉴가 있어요', '친절해요', '가성비가 좋아요']","[263, 86, 68, 56, 38]"
결,"['커피가 맛있어요', '인테리어가 멋져요', '친절해요', '디저트가 맛있어요', '매장이 청결해요']","[164, 62, 61, 59, 51]"
더베이커스테이블,"['빵이 맛있어요', '특별한 메뉴가 있어요', '친절해요', '커피가 맛있어요', '음료가 맛있어요']","[542, 307, 134, 129, 81]"
에이비카페 At Bali,"['인테리어가 멋져요', '커피가 맛있어요', '디저트가 맛있어요', '음료가 맛있어요', '대화하기 좋아요']","[559, 403, 357, 255, 198]"
얀 쿠브레 동교점,"['디저트가 맛있어요', '커피가 맛있어요', '특별한 메뉴가 있어요', '인테리어가 멋져요', '매장이 청결해요']","[459, 323, 160, 145, 142]"
크레이트커피,"['커피가 맛있어요', '인테리어가 멋져요', '매장이 청결해요', '디저트가 맛있어요', '음료가 맛있어요']","[88, 45, 26, 25, 21]"
카페레이어드 연남점,"['디저트가 맛있어요', '커피가 맛있어요', '인테리어가 멋져요', '특별한 메뉴가 있어요', '사진이 잘 나와요']","[384, 145, 141, 97, 96]"
커피브론즈,"['커피가 맛있어요', '디저트가 맛있어요', '친절해요', '특별한 메뉴가 있어요', '음료가 맛있어요']","[234, 163, 124, 56, 55]"
적당,"['디저트가 맛있어요', '인테리어가 멋져요', '커피가 맛있어요', '특별한 메뉴가 있어요', '음료가 맛있어요']","[401, 385, 267, 260, 192]"
EGO,"['디저트가 맛있어요', '커피가 맛있어요', '특별한 메뉴가 있어요', '친절해요', '음료가 맛있어요']","[73, 53, 27, 26, 22]"
새검정,"['커피가 맛있어요', '매장이 청결해요', '친절해요', '인테리어가 멋져요', '대화하기 좋아요']","[16, 9, 8, 7, 7]"
블루보틀 역삼 카페,"['커피가 맛있어요', '친절해요', '음료가 맛있어요', '매장이 청결해요', '인테리어가 멋져요']","[416, 87, 66, 54, 53]"
서울커피 익선점,"['커피가 맛있어요', '디저트가 맛있어요', '인테리어가 멋져요', '음료가 맛있어요', '친절해요']","[305, 244, 155, 98, 67]"
한남작업실,"['커피가 맛있어요', '인테리어가 멋져요', '음료가 맛있어요', '대화하기 좋아요', '디저트가 맛있어요']","[140, 88, 69, 62, 55]"
비엔,"['커피가 맛있어요', '디저트가 맛있어요', '친절해요', '인테리어가 멋져요', '대화하기 좋아요']","[22, 13, 12, 11, 7]"
컨플릭트스토어 신사 본점,"['커피가 맛있어요', '인테리어가 멋져요', '음료가 맛있어요', '특별한 메뉴가 있어요', '매장이 청결해요']","[48, 29, 16, 15, 13]"
도렐 신용산점,"['커피가 맛있어요', '음료가 맛있어요', '특별한 메뉴가 있어요', '인테리어가 멋져요', '디저트가 맛있어요']","[328, 117, 109, 79, 74]"
블루보틀 광화문 카페,"['커피가 맛있어요', '친절해요', '매장이 청결해요', '음료가 맛있어요', '인테리어가 멋져요']","[1693, 635, 550, 461, 460]"
채그로,"['뷰가 좋아요', '커피가 맛있어요', '인테리어가 멋져요', '읽을만한 책이 많아요', '집중하기 좋아요']","[26, 17, 13, 12, 11]"
북카페세모,"['음료가 맛있어요', '커피가 맛있어요', '친절해요', '집중하기 좋아요', '매장이 청결해요']","[113, 110, 100, 98, 92]"
아우어베이커리 가로수길점,"['빵이 맛있어요', '커피가 맛있어요', '음료가 맛있어요', '특별한 메뉴가 있어요', '인테리어가 멋져요']","[175, 70, 39, 39, 35]"
알베르,"['커피가 맛있어요', '인테리어가 멋져요', '대화하기 좋아요', '디저트가 맛있어요', '뷰가 좋아요']","[282, 231, 155, 153, 141]"
프릳츠 양재점,"['커피가 맛있어요', '디저트가 맛있어요', '인테리어가 멋져요', '친절해요', '음료가 맛있어요']","[981, 749, 345, 285, 263]"
수수커피 강남N타워점,"['커피가 맛있어요', '디저트가 맛있어요', '음료가 맛있어요', '인테리어가 멋져요', '친절해요']","[113, 39, 34, 24, 21]"
샌드커피 논탄토 연남,"['커피가 맛있어요', '특별한 메뉴가 있어요', '디저트가 맛있어요', '친절해요', '음료가 맛있어요']","[243, 142, 101, 83, 74]"
리플로우 연남점,"['커피가 맛있어요', '친절해요', '음료가 맛있어요', '인테리어가 멋져요', '매장이 청결해요']","[163, 59, 43, 43, 41]"
작당모의,"['디저트가 맛있어요', '커피가 맛있어요', '음료가 맛있어요', '인테리어가 멋져요', '친절해요']","[189, 146, 142, 118, 69]"
하우스서울,"['커피가 맛있어요', '인테리어가 멋져요', '매장이 청결해요', '음료가 맛있어요', '대화하기 좋아요']","[100, 68, 42, 32, 32]"
당도,"['디저트가 맛있어요', '특별한 메뉴가 있어요', '친절해요', '매장이 청결해요', '커피가 맛있어요']","[262, 126, 110, 37, 24]"
투떰즈업,"['빵이 맛있어요', '특별한 메뉴가 있어요', '친절해요', '매장이 청결해요', '음료가 맛있어요']","[293, 145, 89, 49, 15]"
우니쿠스커피,"['커피가 맛있어요', '대화하기 좋아요', '음료가 맛있어요', '친절해요', '매장이 청결해요']","[39, 19, 15, 15, 14]"
아띠랑스,"['커피가 맛있어요', '인테리어가 멋져요', '디저트가 맛있어요', '매장이 청결해요', '음료가 맛있어요']","[384, 226, 219, 156, 150]"
커피한약방,"['커피가 맛있어요', '인테리어가 멋져요', '음료가 맛있어요', '사진이 잘 나와요', '디저트가 맛있어요']","[590, 382, 165, 143, 141]"
사생활,"['인테리어가 멋져요', '특별한 메뉴가 있어요', '친절해요', '커피가 맛있어요', '대화하기 좋아요']","[592, 585, 405, 333, 315]"
SADDLER HAUS,"['디저트가 맛있어요', '특별한 메뉴가 있어요', '친절해요', '인테리어가 멋져요', '매장이 청결해요']","[730, 250, 157, 131, 108]"
블루보틀 성수 카페,"['커피가 맛있어요', '친절해요', '음료가 맛있어요', '인테리어가 멋져요', '매장이 청결해요']","[2067, 865, 719, 659, 630]"
이퀼리브리엄 커피,"['커피가 맛있어요', '인테리어가 멋져요', '친절해요', '매장이 청결해요', '음료가 맛있어요']","[34, 28, 20, 19, 17]"
밀리,"['커피가 맛있어요', '매장이 청결해요', '친절해요', '음료가 맛있어요', '디저트가 맛있어요']","[37, 14, 13, 12, 9]"
러스트 베이커리,"['빵이 맛있어요', '커피가 맛있어요', '인테리어가 멋져요', '음료가 맛있어요', '특별한 메뉴가 있어요']","[1449, 537, 396, 226, 205]"
더달달,"['디저트가 맛있어요', '음료가 맛있어요', '커피가 맛있어요', '특별한 메뉴가 있어요', '친절해요']","[247, 116, 102, 89, 86]"
스탠스커피,"['커피가 맛있어요', '디저트가 맛있어요', '인테리어가 멋져요', '친절해요', '음료가 맛있어요']","[116, 40, 29, 27, 26]"
BELOW SEONGSOO,"['커피가 맛있어요', '친절해요', '음료가 맛있어요', '인테리어가 멋져요', '매장이 청결해요']","[87, 63, 59, 58, 44]"
마를리,"['디저트가 맛있어요', '커피가 맛있어요', '인테리어가 멋져요', '음료가 맛있어요', '매장이 청결해요']","[407, 307, 256, 222, 132]"
티앙팡 오후의 홍차,"['음료가 맛있어요', '디저트가 맛있어요', '특별한 메뉴가 있어요', '인테리어가 멋져요', '친절해요']","[140, 108, 78, 71, 65]"
무너미,"['디저트가 맛있어요', '커피가 맛있어요', '인테리어가 멋져요', '음료가 맛있어요', '특별한 메뉴가 있어요']","[62, 42, 21, 19, 18]"
카키바움,"['커피가 맛있어요', '친절해요', '인테리어가 멋져요', '음료가 맛있어요', '특별한 메뉴가 있어요']","[120, 100, 89, 58, 54]"
네로우 패스,"['디저트가 맛있어요', '커피가 맛있어요', '인테리어가 멋져요', '음료가 맛있어요', '친절해요']","[91, 76, 56, 40, 28]"
퍼스널커피,"['커피가 맛있어요', '친절해요', '디저트가 맛있어요', '매장이 청결해요', '음료가 맛있어요']","[149, 90, 78, 68, 59]"
카페스콘,"['디저트가 맛있어요', '커피가 맛있어요', '인테리어가 멋져요', '음료가 맛있어요', '대화하기 좋아요']","[92, 59, 43, 34, 29]"
땡스오트 연남,"['디저트가 맛있어요', '특별한 메뉴가 있어요', '인테리어가 멋져요', '친절해요', '매장이 청결해요']","[119, 87, 56, 47, 39]"
오린지,"['디저트가 맛있어요', '인테리어가 멋져요', '커피가 맛있어요', '음료가 맛있어요', '사진이 잘 나와요']","[103, 66, 65, 48, 38]"
로우키,"['커피가 맛있어요', '인테리어가 멋져요', '친절해요', '음료가 맛있어요', '대화하기 좋아요']","[157, 60, 57, 43, 26]"
비하인드,"['커피가 맛있어요', '인테리어가 멋져요', '디저트가 맛있어요', '음료가 맛있어요', '대화하기 좋아요']","[61, 38, 37, 25, 25]"
문래방구,"['커피가 맛있어요', '인테리어가 멋져요', '친절해요', '사진이 잘 나와요', '특별한 메뉴가 있어요']","[47, 30, 27, 14, 14]"
소진담 신사점,"['디저트가 맛있어요', '특별한 메뉴가 있어요', '친절해요', '매장이 청결해요', '커피가 맛있어요']","[688, 220, 177, 162, 150]"
오지힐,"['디저트가 맛있어요', '커피가 맛있어요', '인테리어가 멋져요', '음료가 맛있어요', '특별한 메뉴가 있어요']","[184, 144, 79, 73, 60]"
8번가,"['커피가 맛있어요', '인테리어가 멋져요', '디저트가 맛있어요', '음료가 맛있어요', '집중하기 좋아요']","[123, 78, 76, 50, 49]"
연남방앗간,"['커피가 맛있어요', '인테리어가 멋져요', '특별한 메뉴가 있어요', '음료가 맛있어요', '디저트가 맛있어요']","[67, 54, 40, 39, 32]"
테라로사 포스코센터점,"['커피가 맛있어요', '인테리어가 멋져요', '디저트가 맛있어요', '매장이 청결해요', '대화하기 좋아요']","[1211, 791, 435, 320, 286]"
아티제 서초역점,"['커피가 맛있어요', '디저트가 맛있어요', '매장이 청결해요', '음료가 맛있어요', '친절해요']","[514, 466, 209, 207, 150]"
레이더,"['커피가 맛있어요', '디저트가 맛있어요', '인테리어가 멋져요', '음료가 맛있어요', '친절해요']","[154, 135, 101, 97, 68]"
플랜트,"['특별한 메뉴가 있어요', '친절해요', '인테리어가 멋져요', '디저트가 맛있어요', '음료가 맛있어요']","[269, 112, 93, 85, 62]"
잼잼,"['음식이 맛있어요', '친절해요', '인테리어가 멋져요', '특별한 메뉴가 있어요', '매장이 청결해요']","[156, 112, 108, 94, 63]"
인바이티드,"['커피가 맛있어요', '인테리어가 멋져요', '음료가 맛있어요', '친절해요', '대화하기 좋아요']","[85, 51, 35, 30, 28]"
던킨 라이브 강남,"['디저트가 맛있어요', '특별한 메뉴가 있어요', '매장이 청결해요', '친절해요', '커피가 맛있어요']","[1245, 627, 516, 497, 481]"
에뚜왈,"['빵이 맛있어요', '특별한 메뉴가 있어요', '친절해요', '매장이 청결해요', '인테리어가 멋져요']","[423, 118, 115, 42, 30]"
5to7,"['커피가 맛있어요', '디저트가 맛있어요', '음료가 맛있어요', '인테리어가 멋져요', '친절해요']","[205, 199, 107, 99, 65]"
카페하이웨스트 익선점,"['디저트가 맛있어요', '인테리어가 멋져요', '커피가 맛있어요', '음료가 맛있어요', '특별한 메뉴가 있어요']","[281, 142, 137, 69, 69]"
에픽에스프레소더커피바,"['커피가 맛있어요', '음료가 맛있어요', '친절해요', '매장이 청결해요', '인테리어가 멋져요']","[43, 18, 16, 12, 9]"
커피앤시가렛,"['뷰가 좋아요', '커피가 맛있어요', '인테리어가 멋져요', '사진이 잘 나와요', '음료가 맛있어요']","[274, 156, 96, 92, 71]"
식물,"['커피가 맛있어요', '인테리어가 멋져요', '음료가 맛있어요', '디저트가 맛있어요', '친절해요']","[185, 160, 129, 118, 104]"
라라브레드 송파점,"['디저트가 맛있어요', '커피가 맛있어요', '특별한 메뉴가 있어요', '친절해요', '매장이 청결해요']","[726, 246, 240, 169, 131]"
리사르커피,"['커피가 맛있어요', '가성비가 좋아요', '특별한 메뉴가 있어요', '친절해요', '음료가 맛있어요']","[167, 62, 55, 53, 31]"
생각이나서,"['커피가 맛있어요', '음료가 맛있어요', '디저트가 맛있어요', '인테리어가 멋져요', '특별한 메뉴가 있어요']","[40, 24, 21, 17, 13]"
디저티스트,"['디저트가 맛있어요', '특별한 메뉴가 있어요', '커피가 맛있어요', '친절해요', '음료가 맛있어요']","[348, 187, 134, 101, 85]"
차마시는뜰,"['차가 맛있어요', '친절해요', '뷰가 좋아요', '인테리어가 멋져요', '음료가 맛있어요']","[278, 178, 158, 137, 90]"
고센인코퍼레이티드 청담점,"['인테리어가 멋져요', '커피가 맛있어요', '디저트가 맛있어요', '특별한 메뉴가 있어요', '대화하기 좋아요']","[57, 40, 40, 34, 33]"
머치커피,"['커피가 맛있어요', '음료가 맛있어요', '친절해요', '인테리어가 멋져요', '대화하기 좋아요']","[77, 26, 24, 22, 17]"
포비 베이직,"['빵이 맛있어요', '커피가 맛있어요', '인테리어가 멋져요', '친절해요', '음료가 맛있어요']","[546, 331, 218, 128, 124]"
오잇,"['커피가 맛있어요', '디저트가 맛있어요', '뷰가 좋아요', '인테리어가 멋져요', '사진이 잘 나와요']","[101, 94, 88, 46, 39]"
티노마드,"['인테리어가 멋져요', '특별한 메뉴가 있어요', '디저트가 맛있어요', '친절해요', '음료가 맛있어요']","[1305, 1038, 978, 890, 866]"
서화커피,"['인테리어가 멋져요', '커피가 맛있어요', '디저트가 맛있어요', '친절해요', '음료가 맛있어요']","[52, 50, 29, 27, 26]"
도산맘마미아,"['디저트가 맛있어요', '인테리어가 멋져요', '커피가 맛있어요', '사진이 잘 나와요', '음료가 맛있어요']","[435, 345, 240, 233, 163]"
카페 더 나인&로플로플3호점,"['커피가 맛있어요', '디저트가 맛있어요', '음료가 맛있어요', '집중하기 좋아요', '대화하기 좋아요']","[55, 50, 29, 28, 26]"
어페어커피,"['커피가 맛있어요', '디저트가 맛있어요', '친절해요', '음료가 맛있어요', '매장이 청결해요']","[32, 20, 17, 15, 13]"
타짜도르 강남점,"['커피가 맛있어요', '친절해요', '인테리어가 멋져요', '음료가 맛있어요', '매장이 청결해요']","[143, 50, 45, 43, 43]"
얼스어스,"['디저트가 맛있어요', '커피가 맛있어요', '음료가 맛있어요', '특별한 메뉴가 있어요', '친절해요']","[143, 85, 45, 41, 38]"
바게트케이,"['빵이 맛있어요', '특별한 메뉴가 있어요', '친절해요', '매장이 청결해요', '가성비가 좋아요']","[454, 150, 134, 67, 19]"
이디야커피랩,"['커피가 맛있어요', '디저트가 맛있어요', '인테리어가 멋져요', '음료가 맛있어요', '매장이 청결해요']","[766, 503, 447, 263, 251]"
카페흥신소,"['인테리어가 멋져요', '집중하기 좋아요', '커피가 맛있어요', '음료가 맛있어요', '디저트가 맛있어요']","[10, 8, 7, 7, 6]"
오가다 혜화대학로본사점,"['음료가 맛있어요', '디저트가 맛있어요', '매장이 청결해요', '인테리어가 멋져요', '차가 맛있어요']","[419, 351, 270, 240, 235]"
아분드,"['커피가 맛있어요', '인테리어가 멋져요', '매장이 청결해요', '대화하기 좋아요', '음료가 맛있어요']","[51, 40, 33, 29, 27]"
헤리티지클럽,"['커피가 맛있어요', '인테리어가 멋져요', '디저트가 맛있어요', '대화하기 좋아요', '뷰가 좋아요']","[100, 93, 63, 61, 56]"
카페큐브,[],[]
오랑오랑,"['커피가 맛있어요', '디저트가 맛있어요', '인테리어가 멋져요', '음료가 맛있어요', '친절해요']","[41, 16, 16, 11, 11]"
한남베르그,"['디저트가 맛있어요', '커피가 맛있어요', '인테리어가 멋져요', '음료가 맛있어요', '친절해요']","[197, 140, 104, 78, 72]"
기욤 청담점,"['빵이 맛있어요', '인테리어가 멋져요', '특별한 메뉴가 있어요', '친절해요', '커피가 맛있어요']","[163, 97, 77, 67, 64]"
C27 가로수길점,"['디저트가 맛있어요', '커피가 맛있어요', '인테리어가 멋져요', '대화하기 좋아요', '음료가 맛있어요']","[256, 151, 136, 83, 79]"
오월의종 타임스퀘어점,"['빵이 맛있어요', '가성비가 좋아요', '친절해요', '특별한 메뉴가 있어요', '커피가 맛있어요']","[2063, 358, 342, 327, 288]"
투썸플레이스 광화문점,"['커피가 맛있어요', '디저트가 맛있어요', '음료가 맛있어요', '친절해요', '좌석이 편해요']","[365, 222, 159, 155, 136]"
더 피아노,"['뷰가 좋아요', '인테리어가 멋져요', '커피가 맛있어요', '사진이 잘 나와요', '대화하기 좋아요']","[62, 28, 23, 21, 14]"
무진장,"['커피가 맛있어요', '디저트가 맛있어요', '인테리어가 멋져요', '대화하기 좋아요', '음료가 맛있어요']","[142, 99, 91, 69, 53]"
멜로워 성수 더 플래그쉽,"['디저트가 맛있어요', '커피가 맛있어요', '인테리어가 멋져요', '친절해요', '음료가 맛있어요']","[476, 446, 251, 211, 185]"
폴바셋 코리아나호텔점,"['커피가 맛있어요', '음료가 맛있어요', '디저트가 맛있어요', '친절해요', '매장이 청결해요']","[843, 292, 277, 261, 215]"
가배도 명동,"['커피가 맛있어요', '인테리어가 멋져요', '디저트가 맛있어요', '음료가 맛있어요', '대화하기 좋아요']","[21, 21, 12, 8, 8]"
카페&펍 연무장,"['커피가 맛있어요', '뷰가 좋아요', '인테리어가 멋져요', '디저트가 맛있어요', '사진이 잘 나와요']","[104, 90, 84, 72, 58]"
나폴레옹과자점 본점,"['빵이 맛있어요', '특별한 메뉴가 있어요', '매장이 청결해요', '친절해요', '주차하기 편해요']","[2635, 571, 557, 400, 124]"
어니언 미아,"['커피가 맛있어요', '디저트가 맛있어요', '인테리어가 멋져요', '친절해요', '음료가 맛있어요']","[376, 370, 216, 216, 125]"
gongrot,"['커피가 맛있어요', '뷰가 좋아요', '집중하기 좋아요', '음료가 맛있어요', '인테리어가 멋져요']","[108, 68, 59, 51, 45]"
클로리스 코엑스몰점,"['차가 맛있어요', '음료가 맛있어요', '인테리어가 멋져요', '디저트가 맛있어요', '친절해요']","[437, 374, 276, 259, 119]"
꽃갈피,[],[]
공상온도,"['집중하기 좋아요', '인테리어가 멋져요', '음료가 맛있어요', '디저트가 맛있어요', '커피가 맛있어요']","[40, 38, 27, 24, 20]"
코지빌라커피,"['커피가 맛있어요', '디저트가 맛있어요', '인테리어가 멋져요', '음료가 맛있어요', '대화하기 좋아요']","[56, 36, 25, 20, 19]"
리치몬드 과자점 성산본점,"['빵이 맛있어요', '특별한 메뉴가 있어요', '친절해요', '인테리어가 멋져요', '매장이 청결해요']","[542, 142, 111, 110, 101]"
카페후암동,"['커피가 맛있어요', '음료가 맛있어요', '친절해요', '디저트가 맛있어요', '대화하기 좋아요']","[37, 28, 23, 18, 13]"
퀜치커피,"['커피가 맛있어요', '친절해요', '음료가 맛있어요', '매장이 청결해요', '인테리어가 멋져요']","[19, 11, 8, 5, 4]"
아오이토리,"['빵이 맛있어요', '특별한 메뉴가 있어요', '친절해요', '가성비가 좋아요', '매장이 청결해요']","[830, 350, 180, 142, 77]"
삼청빙수,"['디저트가 맛있어요', '특별한 메뉴가 있어요', '음료가 맛있어요', '커피가 맛있어요', '인테리어가 멋져요']","[252, 103, 94, 92, 54]"
센터커피,"['커피가 맛있어요', '뷰가 좋아요', '음료가 맛있어요', '친절해요', '인테리어가 멋져요']","[440, 195, 121, 114, 108]"
1994양과점,"['디저트가 맛있어요', '특별한 메뉴가 있어요', '친절해요', '커피가 맛있어요', '선물하기 좋아요']","[121, 57, 42, 21, 19]"
스타벅스 광화문D타워점,"['커피가 맛있어요', '친절해요', '음료가 맛있어요', '매장이 청결해요', '대화하기 좋아요']","[718, 430, 359, 285, 200]"
camel,"['커피가 맛있어요', '인테리어가 멋져요', '음료가 맛있어요', '친절해요', '특별한 메뉴가 있어요']","[359, 150, 96, 74, 71]"
폼앤노말,"['커피가 맛있어요', '인테리어가 멋져요', '디저트가 맛있어요', '음료가 맛있어요', '친절해요']","[138, 124, 62, 62, 51]"
커피가게동경,"['커피가 맛있어요', '특별한 메뉴가 있어요', '인테리어가 멋져요', '음료가 맛있어요', '친절해요']","[284, 73, 68, 65, 49]"
더플라잉팬레드,"['특별한 메뉴가 있어요', '인테리어가 멋져요', '친절해요', '대화하기 좋아요', '커피가 맛있어요']","[111, 107, 84, 73, 67]"
도쿄빙수 건대점,"['디저트가 맛있어요', '특별한 메뉴가 있어요', '친절해요', '음료가 맛있어요', '커피가 맛있어요']","[136, 81, 32, 27, 26]"
시간의 공기,"['커피가 맛있어요', '디저트가 맛있어요', '음료가 맛있어요', '매장이 청결해요', '친절해요']","[22, 21, 13, 11, 9]"
BNHR,"['커피가 맛있어요', '음료가 맛있어요', '디저트가 맛있어요', '매장이 청결해요', '친절해요']","[151, 56, 42, 42, 38]"
콩카페 이태원점,"['커피가 맛있어요', '음료가 맛있어요', '인테리어가 멋져요', '특별한 메뉴가 있어요', '친절해요']","[138, 62, 55, 37, 29]"
GROUND62,[],[]
정월,"['인테리어가 멋져요', '커피가 맛있어요', '음료가 맛있어요', '디저트가 맛있어요', '친절해요']","[172, 159, 118, 96, 75]"
카페 그자체 베이커리,"['빵이 맛있어요', '인테리어가 멋져요', '커피가 맛있어요', '음료가 맛있어요', '친절해요']","[205, 171, 141, 127, 84]"
스타벅스 파미에파크R점,"['커피가 맛있어요', '인테리어가 멋져요', '음료가 맛있어요', '친절해요', '디저트가 맛있어요']","[1112, 414, 311, 295, 261]"
liike coffee,"['커피가 맛있어요', '인테리어가 멋져요', '친절해요', '매장이 청결해요', '음료가 맛있어요']","[19, 9, 6, 6, 4]"
온,"['커피가 맛있어요', '디저트가 맛있어요', '특별한 메뉴가 있어요', '인테리어가 멋져요', '음료가 맛있어요']","[179, 161, 108, 83, 77]"
슬로우모션 커피바,"['커피가 맛있어요', '인테리어가 멋져요', '매장이 청결해요', '디저트가 맛있어요', '친절해요']","[19, 9, 8, 7, 6]"
스윗솔트,"['음식이 맛있어요', '매장이 넓어요', '주차하기 편해요', '뷰가 좋아요', '친절해요']","[1303, 735, 673, 520, 402]"
브라운핸즈 디지털단지,"['커피가 맛있어요', '인테리어가 멋져요', '대화하기 좋아요', '음료가 맛있어요', '매장이 청결해요']","[135, 96, 54, 52, 50]"
꿈꾸는다락방,"['음료가 맛있어요', '커피가 맛있어요', '특별한 메뉴가 있어요', '디저트가 맛있어요', '친절해요']","[17, 16, 14, 13, 12]"
피오니 연남점,"['디저트가 맛있어요', '친절해요', '매장이 청결해요', '특별한 메뉴가 있어요', '선물하기 좋아요']","[392, 96, 71, 69, 63]"
서촌스코프,"['디저트가 맛있어요', '특별한 메뉴가 있어요', '친절해요', '커피가 맛있어요', '가성비가 좋아요']","[1297, 441, 291, 203, 162]"
mk2,"['커피가 맛있어요', '디저트가 맛있어요', '음료가 맛있어요', '인테리어가 멋져요', '대화하기 좋아요']","[110, 83, 72, 69, 40]"
프로퍼커피바,"['디저트가 맛있어요', '커피가 맛있어요', '인테리어가 멋져요', '특별한 메뉴가 있어요', '음료가 맛있어요']","[329, 299, 103, 88, 78]"
브알라 Cafe 대학로,"['디저트가 맛있어요', '커피가 맛있어요', '특별한 메뉴가 있어요', '매장이 청결해요', '음료가 맛있어요']","[185, 156, 124, 105, 84]"
쿄 베이커리 X 카페더인피닛,"['빵이 맛있어요', '커피가 맛있어요', '친절해요', '특별한 메뉴가 있어요', '매장이 청결해요']","[493, 122, 107, 107, 95]"
딩가케이크,"['디저트가 맛있어요', '인테리어가 멋져요', '커피가 맛있어요', '사진이 잘 나와요', '특별한 메뉴가 있어요']","[198, 130, 96, 75, 61]"
서울서둘째로잘하는집,"['특별한 메뉴가 있어요', '친절해요', '차가 맛있어요', '디저트가 맛있어요', '음료가 맛있어요']","[324, 212, 161, 143, 71]"
블랑제메종북악,"['빵이 맛있어요', '커피가 맛있어요', '인테리어가 멋져요', '뷰가 좋아요', '특별한 메뉴가 있어요']","[363, 195, 127, 74, 61]"
파이홀,"['디저트가 맛있어요', '커피가 맛있어요', '특별한 메뉴가 있어요', '친절해요', '음료가 맛있어요']","[474, 163, 150, 115, 104]"
프릳츠 원서점,"['커피가 맛있어요', '디저트가 맛있어요', '인테리어가 멋져요', '뷰가 좋아요', '음료가 맛있어요']","[566, 345, 232, 142, 141]"
에브리데이몬데이 카페,"['커피가 맛있어요', '인테리어가 멋져요', '친절해요', '디저트가 맛있어요', '음료가 맛있어요']","[36, 23, 19, 18, 13]"
도렐 성수점,"['커피가 맛있어요', '디저트가 맛있어요', '음료가 맛있어요', '인테리어가 멋져요', '특별한 메뉴가 있어요']","[261, 116, 104, 95, 84]"
사직동 그 가게,[],[]
그레이트커피 서울숲점,"['커피가 맛있어요', '디저트가 맛있어요', '인테리어가 멋져요', '친절해요', '뷰가 좋아요']","[56, 24, 17, 17, 16]"
마띠에르,"['커피가 맛있어요', '디저트가 맛있어요', '음료가 맛있어요', '인테리어가 멋져요', '친절해요']","[145, 102, 44, 40, 33]"
커피 리브레 타임스퀘어점,"['커피가 맛있어요', '음료가 맛있어요', '인테리어가 멋져요', '디저트가 맛있어요', '매장이 청결해요']","[1343, 355, 333, 314, 305]"
더피터커피,"['디저트가 맛있어요', '커피가 맛있어요', '친절해요', '인테리어가 멋져요', '매장이 청결해요']","[404, 341, 164, 155, 105]"
호랑이,"['커피가 맛있어요', '음료가 맛있어요', '인테리어가 멋져요', '특별한 메뉴가 있어요', '가성비가 좋아요']","[770, 207, 148, 142, 137]"
브릭하우스,"['커피가 맛있어요', '디저트가 맛있어요', '집중하기 좋아요', '친절해요', '대화하기 좋아요']","[83, 48, 42, 30, 28]"
패션5,"['빵이 맛있어요', '특별한 메뉴가 있어요', '인테리어가 멋져요', '매장이 청결해요', '친절해요']","[1830, 900, 652, 523, 427]"
할리스 신림점,"['커피가 맛있어요', '음료가 맛있어요', '친절해요', '디저트가 맛있어요', '집중하기 좋아요']","[215, 73, 70, 69, 63]"
데얼커피,"['커피가 맛있어요', '디저트가 맛있어요', '친절해요', '음료가 맛있어요', '인테리어가 멋져요']","[64, 57, 40, 34, 26]"
카페413프로젝트,"['디저트가 맛있어요', '커피가 맛있어요', '인테리어가 멋져요', '특별한 메뉴가 있어요', '음료가 맛있어요']","[66, 65, 57, 56, 35]"
카페솔트,"['커피가 맛있어요', '인테리어가 멋져요', '친절해요', '음료가 맛있어요', '특별한 메뉴가 있어요']","[66, 35, 27, 25, 23]"
스노브 대학로점,"['디저트가 맛있어요', '커피가 맛있어요', '음료가 맛있어요', '친절해요', '대화하기 좋아요']","[274, 107, 84, 77, 51]"
카페 토다,"['빵이 맛있어요', '커피가 맛있어요', '인테리어가 멋져요', '뷰가 좋아요', '특별한 메뉴가 있어요']","[321, 201, 127, 125, 112]"
듀자미,"['디저트가 맛있어요', '커피가 맛있어요', '음료가 맛있어요', '특별한 메뉴가 있어요', '대화하기 좋아요']","[519, 182, 123, 118, 99]"
커피폴리,"['커피가 맛있어요', '음료가 맛있어요', '디저트가 맛있어요', '친절해요', '인테리어가 멋져요']","[236, 113, 107, 68, 64]"
커피몽타주,"['커피가 맛있어요', '친절해요', '매장이 청결해요', '음료가 맛있어요', '인테리어가 멋져요']","[417, 125, 113, 92, 65]"
클로리스 역삼 GFC점,"['음료가 맛있어요', '인테리어가 멋져요', '커피가 맛있어요', '디저트가 맛있어요', '차가 맛있어요']","[249, 193, 162, 144, 125]"
씨스루 홍대연남점,"['디저트가 맛있어요', '커피가 맛있어요', '친절해요', '음료가 맛있어요', '특별한 메뉴가 있어요']","[110, 99, 76, 63, 62]"
쿠오레에스프레소,"['커피가 맛있어요', '인테리어가 멋져요', '디저트가 맛있어요', '음료가 맛있어요', '친절해요']","[172, 113, 108, 81, 69]"
얼터너티브,"['커피가 맛있어요', '디저트가 맛있어요', '친절해요', '음료가 맛있어요', '인테리어가 멋져요']","[589, 534, 278, 221, 195]"
그레인바운더리 종로점,"['디저트가 맛있어요', '커피가 맛있어요', '특별한 메뉴가 있어요', '친절해요', '인테리어가 멋져요']","[237, 84, 64, 49, 39]"
죠지,"['디저트가 맛있어요', '특별한 메뉴가 있어요', '인테리어가 멋져요', '사진이 잘 나와요', '음료가 맛있어요']","[60, 46, 41, 34, 32]"
마더린러 베이글,"['빵이 맛있어요', '특별한 메뉴가 있어요', '친절해요', '매장이 청결해요', '가성비가 좋아요']","[359, 141, 108, 47, 26]"
그로토,"['커피가 맛있어요', '인테리어가 멋져요', '친절해요', '음료가 맛있어요', '디저트가 맛있어요']","[86, 45, 43, 27, 23]"
오후의 과일,"['디저트가 맛있어요', '커피가 맛있어요', '음료가 맛있어요', '특별한 메뉴가 있어요', '인테리어가 멋져요']","[280, 109, 103, 84, 66]"
에뚜왈,"['빵이 맛있어요', '특별한 메뉴가 있어요', '친절해요', '매장이 청결해요', '인테리어가 멋져요']","[370, 103, 88, 76, 39]"
더하우스1932,"['커피가 맛있어요', '인테리어가 멋져요', '디저트가 맛있어요', '대화하기 좋아요', '음료가 맛있어요']","[272, 202, 150, 117, 98]"
모츠커피,"['커피가 맛있어요', '특별한 메뉴가 있어요', '인테리어가 멋져요', '디저트가 맛있어요', '친절해요']","[119, 44, 40, 36, 36]"
빈브라더스 현대백화점 디큐브시티점,"['커피가 맛있어요', '디저트가 맛있어요', '친절해요', '음료가 맛있어요', '매장이 청결해요']","[236, 70, 66, 58, 45]"
투피스,[],[]
커피사,"['커피가 맛있어요', '인테리어가 멋져요', '대화하기 좋아요', '음료가 맛있어요', '사진이 잘 나와요']","[41, 19, 16, 13, 11]"
공미학,"['디저트가 맛있어요', '커피가 맛있어요', '인테리어가 멋져요', '음료가 맛있어요', '사진이 잘 나와요']","[357, 280, 266, 216, 176]"
겟썸커피 LMoA,[],[]
미라지커피,"['디저트가 맛있어요', '커피가 맛있어요', '인테리어가 멋져요', '음료가 맛있어요', '친절해요']","[117, 103, 72, 64, 59]"
젠젠 잠실점,"['디저트가 맛있어요', '인테리어가 멋져요', '커피가 맛있어요', '특별한 메뉴가 있어요', '음료가 맛있어요']","[417, 158, 138, 129, 111]"
포티드,"['인테리어가 멋져요', '디저트가 맛있어요', '커피가 맛있어요', '사진이 잘 나와요', '음료가 맛있어요']","[136, 81, 69, 62, 48]"
캐틀앤비 양재점,"['인테리어가 멋져요', '커피가 맛있어요', '뷰가 좋아요', '디저트가 맛있어요', '매장이 청결해요']","[566, 402, 336, 293, 278]"
티프,"['커피가 맛있어요', '인테리어가 멋져요', '디저트가 맛있어요', '음료가 맛있어요', '친절해요']","[232, 196, 121, 99, 82]"
오우아,"['디저트가 맛있어요', '커피가 맛있어요', '특별한 메뉴가 있어요', '음료가 맛있어요', '친절해요']","[162, 105, 54, 49, 38]"
까페창비,"['집중하기 좋아요', '읽을만한 책이 많아요', '음료가 맛있어요', '디저트가 맛있어요', '커피가 맛있어요']","[6, 4, 3, 2, 1]"
폴루이트,"['커피가 맛있어요', '인테리어가 멋져요', '음료가 맛있어요', '디저트가 맛있어요', '친절해요']","[51, 29, 20, 19, 19]"
묘사서울,"['디저트가 맛있어요', '음료가 맛있어요', '특별한 메뉴가 있어요', '커피가 맛있어요', '친절해요']","[79, 61, 61, 45, 33]"
커피콩,"['디저트가 맛있어요', '커피가 맛있어요', '특별한 메뉴가 있어요', '음료가 맛있어요', '친절해요']","[76, 74, 49, 44, 33]"
앤트러사이트 연희점,"['커피가 맛있어요', '인테리어가 멋져요', '친절해요', '디저트가 맛있어요', '매장이 청결해요']","[192, 83, 57, 56, 53]"
HAMACOOK,"['커피가 맛있어요', '친절해요', '디저트가 맛있어요', '음료가 맛있어요', '인테리어가 멋져요']","[18, 14, 13, 9, 9]"
mtl 한남,"['커피가 맛있어요', '디저트가 맛있어요', '인테리어가 멋져요', '음료가 맛있어요', '친절해요']","[129, 54, 41, 36, 35]"
타르타르 강남역점,"['디저트가 맛있어요', '커피가 맛있어요', '친절해요', '음료가 맛있어요', '특별한 메뉴가 있어요']","[180, 67, 65, 57, 51]"
AID카페 롯데월드몰점,"['커피가 맛있어요', '디저트가 맛있어요', '음료가 맛있어요', '친절해요', '매장이 청결해요']","[316, 305, 194, 111, 95]"
로우머,"['커피가 맛있어요', '인테리어가 멋져요', '음료가 맛있어요', '디저트가 맛있어요', '친절해요']","[64, 42, 40, 26, 26]"
노아스로스팅 연희점,"['커피가 맛있어요', '디저트가 맛있어요', '인테리어가 멋져요', '음료가 맛있어요', '대화하기 좋아요']","[172, 115, 65, 43, 43]"
커피 스니퍼,"['커피가 맛있어요', '인테리어가 멋져요', '음료가 맛있어요', '특별한 메뉴가 있어요', '디저트가 맛있어요']","[481, 167, 141, 108, 93]"
아스트로노머스커피,"['커피가 맛있어요', '친절해요', '음료가 맛있어요', '인테리어가 멋져요', '대화하기 좋아요']","[115, 39, 32, 24, 24]"
세시셀라 도산공원점,"['디저트가 맛있어요', '커피가 맛있어요', '친절해요', '인테리어가 멋져요', '특별한 메뉴가 있어요']","[267, 119, 72, 63, 48]"
평화,"['커피가 맛있어요', '인테리어가 멋져요', '대화하기 좋아요', '친절해요', '특별한 메뉴가 있어요']","[45, 45, 29, 28, 26]"
카페 시그니처,"['디저트가 맛있어요', '인테리어가 멋져요', '커피가 맛있어요', '친절해요', '음료가 맛있어요']","[221, 200, 194, 130, 125]"
버터풀앤크리멀러스,"['빵이 맛있어요', '특별한 메뉴가 있어요', '커피가 맛있어요', '친절해요', '인테리어가 멋져요']","[139, 54, 48, 48, 41]"
브랜뉴하이몬드,"['빵이 맛있어요', '커피가 맛있어요', '친절해요', '매장이 청결해요', '특별한 메뉴가 있어요']","[1697, 408, 358, 355, 312]"
널담은공간 해방촌점,"['친절해요', '커피가 맛있어요', '디저트가 맛있어요', '특별한 메뉴가 있어요', '음료가 맛있어요']","[16, 12, 12, 10, 9]"
카페 할아버지공장,"['인테리어가 멋져요', '커피가 맛있어요', '대화하기 좋아요', '사진이 잘 나와요', '뷰가 좋아요']","[466, 356, 220, 191, 178]"
라운드앤드,"['빵이 맛있어요', '커피가 맛있어요', '친절해요', '매장이 청결해요', '음료가 맛있어요']","[767, 436, 255, 195, 156]"
벙커컴퍼니 압구정점,"['커피가 맛있어요', '인테리어가 멋져요', '디저트가 맛있어요', '음료가 맛있어요', '친절해요']","[203, 105, 96, 68, 65]"
